built_up_area,num_floors,occupants,operating_hours,building_type_code,climate_hdd,climate_cdd,window_to_wall_ratio,window_u_value,window_shgc,wall_u_value,roof_u_value,hvac_efficiency_factor,led_lighting_ratio,solar_capacity_kwp,natural_ventilation,external_shading,recycled_material_ratio,annual_energy_kwh
9864.551529536202,20,353,10.491247238902849,1,575.4702476088145,3046.821048696431,0.45376241331194944,4.280078721568516,0.3049218814906827,0.5969347254189257,0.5671528844264653,0.68,0.34604627609372496,48.20829201907825,0.0,1.0,0.31565048549850894,1266757.7
7489.452043979202,1,95,13.183654633353207,6,1912.2326155357962,1238.6853438133342,0.34186208724795586,2.1039931763117483,0.7356376993099627,0.606689278920586,0.5753660804319869,0.55,0.7336306341517131,0.0,1.0,0.0,0.48782690968658066,859556.5
2934.983154545389,8,110,24.0,3,650.4636178333398,3171.8384393884357,0.3066186251726355,0.8074164521612514,0.6342868038955352,0.5908148970192529,0.3078809897906085,0.82,0.6566040152513122,0.0,1.0,1.0,0.25517734079388543,977459.9
1088.3525535015738,3,67,11.915789423418648,2,98.24599171681658,2436.4493417453396,0.6141268589268962,2.2407394997195853,0.7527369778093782,0.6472228150950952,0.9727791674926386,1.0,0.3682103691106588,0.0,1.0,0.0,0.2123380751322505,190135.4
310.8973748917618,2,5,11.854589188786973,0,2371.069467006274,806.9217390921409,0.13334962298562858,1.2506540832175639,0.2539592123038719,0.6318908291583036,0.6904249747206955,0.75,0.7944417171230802,15.193626787665607,1.0,1.0,0.33384235514425686,16170.5
332.5194466206996,2,10,15.85177719709679,0,2067.5292537350147,791.8601832670444,0.4827058120006988,1.8970665289616162,0.6950757873913653,1.700598400196602,1.0112042687515754,0.55,0.5176228077085768,16.250302445798745,0.0,0.0,0.0773689079264262,30242.6
479.57670331225694,3,14,11.270092358469633,0,566.5712481432207,3142.936543176935,0.3486632100955046,2.465950003496488,0.7460989295175724,0.729794340261323,0.8976403788797952,1.15,0.42760782494438987,0.0,0.0,0.0,0.2446463529267382,79442.9
4235.353964228256,16,195,9.71324227780087,5,1924.6288955705293,1082.5486157944704,0.5062513950631085,1.4402867753437592,0.227633281522992,0.7815918687099412,1.0076564795975287,0.75,0.4977187664516337,0.0,0.0,1.0,0.12440267993470275,523838.7
946.4664588177471,3,66,9.42426919647658,2,2377.4334061898726,878.2672641227352,0.23479217656112128,4.3318236372383,0.8194270922247293,0.6378248916430254,0.641128030614754,1.15,0.68234019085422,0.0,0.0,1.0,0.1894385928366934,146239.6
19976.152318587636,6,891,24.0,3,3967.156845088641,298.78405886235174,0.2584224256846389,2.0796011600309416,0.3863994760181041,1.8442278984131995,1.4949778864930574,0.82,0.7060393873712485,0.0,1.0,0.0,0.2648618647491556,6955328.6
201.59873808270407,2,3,21.231488509291598,0,547.1189027962333,2972.8129953954867,0.46037520787254455,4.105473996524812,0.3312671528096427,1.101044176404272,1.0314184515119866,0.55,0.41875605333543947,9.85217706762348,0.0,0.0,0.08191866359696878,18253.3
4928.7204143840845,2,117,10.89136718418761,6,91.80648274110575,2527.227329018972,0.6883643568457647,3.795164264105847,0.4572412384194833,1.2301393164369279,0.4939172037822597,0.68,0.9556456968094778,0.0,0.0,1.0,0.4884812719020017,518339.4
5689.7795375428595,2,83,15.588681344179497,4,95.22761670752728,2783.3138682416593,0.685316478132064,5.29022743846868,0.20535394314003405,1.4450380907485365,1.6379761054138995,0.82,0.5302605251050934,278.0608450863235,1.0,0.0,0.20110203188494685,635100.5
120.7823297309435,2,2,23.106282581713952,0,105.2289815429359,2632.233731461559,0.26440897061019775,1.2396658617233463,0.7492619221161734,0.7539881983177219,0.33060091637553213,0.82,0.48780345353082444,5.902660455449702,0.0,1.0,0.17805790191433202,14807.5
316.4885760360496,4,6,15.518666924398712,0,2204.3964042303646,826.0497497999625,0.17936359758891213,1.8730405568183237,0.3664643471888155,1.8463023391954883,1.3601668934876947,0.68,0.4307059677139363,7.733435041909847,0.0,0.0,0.23895325755798363,35844.7
477.1375017053898,2,10,16.864374851737594,0,594.6706610691324,2986.3647306751923,0.4623990779993981,5.12589214521988,0.5233867301912039,0.4420010168278606,1.2694398678717762,0.68,0.3843690281049609,23.317820325227043,0.0,1.0,0.25231536631844026,39467.0
476.45680089747776,3,11,14.66619803818735,0,101.68279862332001,2529.270712746821,0.3635899126827044,4.910657281928466,0.5866069021630682,0.9674411128502722,0.2702172222409025,0.68,0.9874573409519098,15.523036212623014,1.0,0.0,0.49698059879721684,38254.0
7582.149150971288,18,263,15.358430471701066,1,646.8267736154625,2654.0747775678374,0.5617782935230329,1.7605277859102535,0.6904769133957701,0.43015553124618566,1.637487565319992,1.0,0.7723067682699034,0.0,1.0,1.0,0.20661636434614672,1503364.0
9226.782009770335,3,461,9.747746950747935,1,2019.7893670088893,849.2329961750481,0.4262305606615295,1.3386800597306208,0.3551277901969201,1.539446283567859,0.6719154959399264,0.68,0.8509215121443312,300.60998393527535,1.0,0.0,0.3033006855287667,886354.3
184.64567699373134,3,4,12.364030051138494,0,4363.568267214729,287.38295515105904,0.4161403474774718,5.081207323100969,0.6446307477910103,0.3645864302777245,1.372476775764093,0.82,0.5810408942161005,0.0,0.0,0.0,0.32399155835798876,33339.9
5038.189683225937,4,498,10.75833226213292,2,4558.504310350541,320.9358137086623,0.494946723568075,1.6906902841235238,0.272949746246126,1.1327073178713627,0.6070526166538902,1.0,0.5902276169529533,0.0,0.0,0.0,0.2180894290826612,984623.1
491.1086733726571,1,15,14.178903373049486,0,3959.214035077056,306.51858052744956,0.19332269801241078,5.155548530353975,0.6366258040911074,0.3602667930011449,1.0173913761934512,0.75,0.9908242046114362,48.00118944720909,0.0,0.0,0.48082783026284837,25937.7
392.7336918074533,2,10,12.582092668179708,0,2348.6198190232076,776.5926332955966,0.5127538032066092,5.605573496888703,0.7699632301856849,0.9585784476777011,1.7543504627899402,0.55,0.44048317502145595,19.192986567808575,0.0,0.0,0.3931929424071321,36294.4
7663.739832366729,21,295,9.53635681394542,1,103.96049421519005,2649.008517466284,0.40334142638016307,1.904033192878352,0.25271628637899973,0.6621297443009168,1.1577810762824976,0.55,0.5288527250903696,0.0,1.0,0.0,0.4465482181649978,894033.7
10094.882283425237,7,474,14.431055456419507,1,1986.3661558721835,823.27883077783,0.5956852980679765,5.001937999604775,0.2723557365054551,1.733670423690041,0.6389325564098018,0.68,0.43661307801837784,140.95406786626597,0.0,0.0,0.08001501982149266,1783003.9
4395.428991405961,1,56,17.170767794698133,4,567.7934016434554,3019.87637650003,0.20044996354879466,2.9191554499113153,0.5454810499570317,0.2713247675220492,0.9063222915727761,0.68,0.4978368134990655,0.0,0.0,0.0,0.5007334744364313,782325.8
350.04458326916375,2,6,19.56656907678822,0,4288.90959915254,319.3402880704243,0.29443328848751427,4.743892123767479,0.22876826185265114,1.2978927232564212,1.265467899284458,0.68,0.7645019335164375,0.0,0.0,1.0,0.18220990471195908,61256.2
3080.0360675672196,11,161,12.63444882222422,1,600.2880407389455,2702.6578664864314,0.671142896929004,2.836977704894216,0.31618211575914834,1.3758321206873982,0.8845616776014951,0.75,0.5162418040659555,27.367650305511315,0.0,0.0,0.10049361024381082,507420.5
2956.2048342364546,3,296,11.775065528848057,2,2212.291951111821,871.0631015629787,0.44078226998821235,1.1519779936685848,0.31791912455848237,1.7090492160956787,1.6527351279028613,0.55,0.912866133610603,96.31361039939901,0.0,0.0,0.41357507211769134,330333.8
538.7150373509858,2,9,17.627545459428045,0,1135.6633019056376,1375.0353720397031,0.6589945798573141,4.3634763630683215,0.4983734268934076,1.689694664855196,1.5813102150542084,0.55,0.334055383995893,26.32712876801812,0.0,0.0,0.16989220756220935,50787.2
3281.6306860386567,3,253,9.814291238460699,2,1242.0008329700704,1500.9260835453858,0.5196403598048898,1.5534431995178952,0.35406195817248964,1.8605368129650692,0.3922367919848639,1.0,0.548304839212831,0.0,1.0,1.0,0.27357912711462395,459651.6
88.26360558884363,2,1,12.829133105211291,0,2097.224083212182,755.2767352588456,0.6573301916623729,5.435125446583495,0.49482417045315047,0.6167240894770212,1.4451524752046003,0.75,0.9024949048996906,0.0,0.0,0.0,0.4393514013152508,13664.5
122.83540488690745,2,2,22.114123828814343,0,97.78869932956908,2355.0950655464517,0.3043392449290784,2.888731415103506,0.5231289887332418,0.6526996469741719,1.704984604731972,1.15,0.7349648611422035,0.0,0.0,0.0,0.10646211062283069,21658.8
9201.557153776292,24,550,13.116882458274983,5,1752.8097297168276,1217.6025704694844,0.1725095798541112,1.2100007395478978,0.6529995202729116,0.8633434922934979,0.672898570218733,0.55,0.8396723649049986,37.47351927854124,0.0,0.0,0.12025387186374567,1251293.5
8170.10559010259,1,116,13.396617889031525,6,620.6430026543879,2798.3064418620147,0.5853002236408973,1.9424000738699718,0.7865151607393226,1.1046324066947348,0.5430625280249114,0.55,0.5265521945026974,0.0,1.0,1.0,0.4156946907989596,1122995.0
1391.061705388051,2,21,14.383500651307308,4,2019.7112151406156,877.5139207916719,0.5865918764281552,5.112588087338473,0.5123232741470986,0.811484099994199,0.16582143140635108,0.82,0.5585133849781625,67.98150803826469,1.0,1.0,0.29729095085769824,185332.6
405.70467567393626,1,7,17.45985985196564,0,2070.4384364576817,736.7125527544613,0.4789195408925423,2.405427348120766,0.4201033142051973,1.4533098261371742,0.3408347686487667,0.75,0.9217601909357493,39.653763112967624,0.0,0.0,0.17166301127516653,16356.9
296.23446117043284,4,5,11.652084372671249,0,1128.1192969644162,1273.2448024809862,0.45615071783386263,5.081639974898447,0.36039611609155386,0.19469748928460362,1.7355065670811207,1.15,0.8247047324655414,7.238523397368256,0.0,0.0,0.33368415480934416,29747.1
19205.63217998453,4,928,24.0,3,3871.0767262571967,272.701069113188,0.6506467389922448,1.6614336919607446,0.5934874711325597,0.21036542279448006,0.7953506857669367,1.0,0.5689824266579654,0.0,1.0,0.0,0.39024406434184095,6903607.2
6292.938070940498,10,215,13.058400092337358,1,3954.3797822226256,283.01242171342767,0.22236911087248795,3.141090617886473,0.7846086091457702,1.411617626909176,0.7891135401067714,0.75,0.4507507719110602,61.50746848927211,0.0,1.0,0.272787950345018,1052450.6
329.3042880537369,1,10,12.622855078575045,0,1838.5416964524077,1219.0058679276815,0.47759202339504486,5.191297458933081,0.6740860452997348,1.6989685027872763,0.5900202146913733,0.75,0.3744029868634937,0.0,0.0,0.0,0.14511366171492746,48907.4
874.0732666995249,22,33,15.969333417358946,1,104.64336341748377,2602.89295429524,0.14886695427688218,1.0420241616162826,0.3277836317707943,1.5156616204193551,0.4206972026287493,1.0,0.9032795810005352,0.0,0.0,0.0,0.4061341676931921,142453.4
389.5122403004607,2,6,10.221925791246267,0,103.20606893938246,2522.0394185134523,0.20170166331942488,2.3213859138981023,0.7538485609940015,0.38139757509588673,0.9895038150646345,1.0,0.7883537080835412,0.0,1.0,0.0,0.11666384345115213,37973.5
11056.883381572989,6,587,12.422656485069165,5,1791.0677296731178,1101.3103457800582,0.37361796209711373,5.349257947193928,0.6560182510122288,1.7881553263227674,1.3432596333640028,0.68,0.725139486457633,180.11748474111843,0.0,1.0,0.40944441960339895,1679418.4
265.55578305024903,4,8,11.990539269422923,0,91.04869142192128,2461.5432892930457,0.5963002742452812,3.7826316385402157,0.27932581396654205,1.0776897038318705,1.0588123004419328,0.82,0.843611484009309,0.0,0.0,1.0,0.19896171226879744,30424.1
1285.998223959143,4,119,9.477564657820455,2,1310.1616825648262,1311.5611781397208,0.5452169606350343,4.381160655110674,0.6419374976589565,1.4567476615870079,0.2084928909706007,0.82,0.940492598000735,0.0,1.0,0.0,0.0507672548869319,194260.8
146.57917921044333,3,4,22.35372861021304,0,2053.9536427684966,839.3066939449678,0.6849573468066767,5.010642192962036,0.37940038359186046,0.5257994599806675,1.4757249075900507,1.0,0.8331124818418958,0.0,0.0,0.0,0.30619379466561836,31664.8
8746.511623906183,3,442,13.15447491075296,1,103.36842740811343,2745.5721191606835,0.14601221611254153,3.4179821313455836,0.504665927544668,1.1239284852067446,1.6871303502955817,1.0,0.5944615371036016,284.9627005350246,0.0,0.0,0.22048634602414713,985593.1
3467.719528727132,8,208,11.72661218161786,1,1299.0937477157067,1477.5639236573097,0.3411842869192162,5.026829505108,0.3861434147366796,0.7477045826110198,0.8766216223322446,0.68,0.4235291521868334,0.0,1.0,0.0,0.17617467622245447,539770.0
185.71088601123358,1,4,11.257509811958467,0,623.7332515177186,3172.0435157602064,0.2120986649135933,3.9938228533420412,0.25211672752343844,1.8565885304694136,0.7546665121194401,1.0,0.7996769252328613,0.0,0.0,0.0,0.32417135974744726,22753.2
3453.54543383963,1,78,9.990112944151882,6,2075.941841683138,861.4780714134453,0.14143754474871098,4.22825225281751,0.6765218225036826,0.9956173604778538,0.5292591174173976,1.15,0.47270494028528953,337.5511320047267,1.0,0.0,0.23514736796112107,113005.2
11998.266311593603,3,177,9.558515365514435,4,1733.6866675550484,1199.4731393228412,0.27335058265079537,1.5642722758406973,0.7137839303990368,1.4795924152400686,0.6480859947315118,0.55,0.8478293589528347,390.9053708389373,1.0,0.0,0.21226087039787872,944989.7
3954.262204774996,13,241,15.685442309883655,5,543.6247040413314,2850.662892127316,0.26179366962858547,5.495094146173519,0.3438269808436467,1.2175589305386123,1.213338387523247,0.75,0.5371114152102227,29.730109335591536,1.0,0.0,0.4694191650761794,680275.7
9319.525257258778,8,442,15.440280367821325,5,4294.716922307375,324.94611106256775,0.3636160767080712,4.780421752174578,0.34857563311010775,0.3421938478034701,1.4207411109737427,0.75,0.40974035318367696,113.861839977187,0.0,0.0,0.09566385949142064,1849129.4
6782.346654061686,4,432,11.70666221554748,2,4294.914103940516,306.67351512288883,0.20124710058234405,2.070979980735747,0.46657379148935674,1.1138357393011216,0.6981559649731104,0.75,0.4782529382548239,165.72742668261822,0.0,0.0,0.26882764093689954,954831.9
7461.886017943191,15,354,9.358570074830192,5,2299.2202558056074,767.1037867240952,0.4033691959511481,3.699973331915265,0.703110977844096,1.1091712920449759,0.7104598285736229,0.82,0.4866467558643035,0.0,0.0,0.0,0.1857602608111465,1070431.9
308.32740267069033,1,7,14.90993703188918,0,90.21992578551243,2633.521294411887,0.6536570298422604,2.682329524305805,0.24790620466898783,1.411020080583708,0.894317177508943,0.55,0.5651608660657923,30.136063298827775,0.0,1.0,0.2069445550117603,1359.9
440.9632400447216,3,12,15.131716623309167,0,2339.850167082766,878.7439076313802,0.5539495803270227,4.102009994049558,0.7014010390437142,0.7336817885649989,0.43083458125749596,1.0,0.4801032897112604,14.36665051428805,0.0,0.0,0.2930205260220451,64650.3
249.20951729527923,1,4,19.901196596695925,0,104.77421914800618,2781.7244312792286,0.6084628511060947,5.7687342160123505,0.7720882357924554,1.6603216365379752,1.6798935104921673,0.55,0.4578902492586231,24.357853771116563,0.0,0.0,0.5574671768251829,14529.6
161.38325742257666,2,4,18.794892359302615,0,1670.719179428672,1147.50713185429,0.5867425841264893,1.0287319857182258,0.5481325840297424,1.2508780211973298,1.314002512948195,0.75,0.5742242220777465,7.886837204431374,0.0,0.0,0.4125638841324647,16311.9
2172.030098409847,5,135,11.484518406776115,1,4072.0063517859426,327.177265555033,0.3459832751355677,5.562618189818123,0.23744271853582477,0.24766706017253337,0.8654126566528442,0.68,0.9076701465879873,42.45904578423031,0.0,0.0,0.1562106765861671,338423.4
311.5260001846454,2,10,17.016278240404866,0,2260.9509528778553,877.0339378366587,0.5311974010527443,1.1619566607182512,0.3671227111108901,1.3957575561590192,0.3517496446167579,0.82,0.34931909283969886,15.224347851465796,1.0,0.0,0.36483477509275714,32545.4
4913.383266740206,2,66,14.442130159896179,4,2198.1506249737445,756.9867135064665,0.5574686188653386,3.10382317920389,0.2690596139453304,1.7399830852719549,1.550562154570702,0.75,0.5073681990044376,240.11817933683713,1.0,0.0,0.13460602579190573,642036.6
9900.576011273484,4,474,13.660815793563039,1,1661.4339350044545,1294.942108440322,0.23927590130555665,3.21054600296718,0.36075581386464206,1.3550130039254005,0.9481286692117267,1.15,0.6936158882500087,241.92172248249872,0.0,0.0,0.5369056121069342,1579392.8
173.44617162292906,1,3,17.004067261494516,0,91.7469075027318,2799.265413203393,0.6189521726394684,2.1436222729990426,0.7033048458851046,0.8335953635587507,1.4648567586863712,1.0,0.91213620504188,0.0,1.0,0.0,0.2831191578561919,29929.5
6461.272870436732,10,369,14.58194387759165,1,4436.423291250797,272.3852143940424,0.3854934911429128,3.6334964302984325,0.23451402932131732,1.1959159886426407,0.2051002439639007,0.68,0.498892273992674,63.152780624707624,0.0,0.0,0.5723206502651527,1347621.6
415.6534400871739,1,9,12.43568359330525,0,3911.01237913496,310.18135158370126,0.12948864891544296,4.969820731693134,0.3759706536082346,0.4748050261534917,0.6015292588652255,0.75,0.5441196957817268,40.62615995964906,0.0,1.0,0.4142995937440237,16337.8
4380.986025699176,2,78,13.498769211562104,4,93.44185347860888,2498.745970776208,0.4931627829960332,2.2698109060563656,0.5205094728278046,1.2141594145216177,1.1764573715408169,0.68,0.8585654916318282,214.09980273916906,0.0,0.0,0.5084478576870193,429788.8
367.3996445570017,2,6,13.016480701860221,0,1919.132325128433,1241.9070303580502,0.5125225933124197,1.1520246882606882,0.7419054054212919,1.0417075206000719,0.9550734800256537,0.82,0.5607623706986256,17.954905805375457,1.0,0.0,0.1486080197314832,27524.8
1885.5409580423814,2,31,9.905760465171939,6,102.24279269126436,2815.0505209789267,0.4400221320725633,3.9614185032063123,0.354988942868524,0.22499122414727024,0.636868763661441,0.75,0.8960876586328164,92.14682375278082,1.0,1.0,0.5202091737759577,84009.9
5813.45244265489,2,138,16.635568029983098,4,1837.69761893543,1199.7070195174845,0.24320087449135078,4.558725645741259,0.6825628370528676,0.7336506042907351,0.4818648918351005,0.55,0.618689636507924,284.10476863078173,0.0,1.0,0.15425071558541098,710888.9
233.65494478845267,3,4,19.392108418026684,0,99.5869154272668,2555.4946720100997,0.39972125586651786,5.57261504898035,0.5618128263381119,0.5089452684547997,0.6479919930982962,0.82,0.6983676113736714,7.612514214043162,0.0,0.0,0.5868879732755123,29360.7
388.92341756448536,2,7,23.462578618065965,0,4257.9558120979245,325.29187627124503,0.3520739211423941,1.5976232342169148,0.6193490387754104,0.8519213140311268,1.3748600114467253,0.55,0.6926166764137982,19.006777582202105,1.0,0.0,0.20394371218920632,50751.0
9413.44070389987,2,172,16.436805296649776,4,4285.486539912322,328.44689506431195,0.6853179228294769,5.3067993290240265,0.7342965614963082,0.5959517784561117,0.4531171283271541,0.68,0.3835143199797698,0.0,0.0,0.0,0.4262277190097418,2322650.9
5839.637901489804,10,145,24.0,3,2405.843543331175,729.9578124470085,0.5983134921584441,3.210617385945562,0.21637770529713057,1.6149077603373017,1.1297917926096424,1.15,0.5484597754246542,57.0768916149468,0.0,1.0,0.35057023472486776,2137643.4
13311.46907314705,3,351,24.0,3,1700.2703906883287,1301.4835365955698,0.5619017709505845,1.9787911851202076,0.5284347573541632,1.3800156010823785,0.8490733751638896,0.55,0.4691097924172213,0.0,0.0,1.0,0.3132138249680955,4388280.0
2886.3821969261085,1,65,13.354649496569541,4,3960.232432548386,274.9661120113133,0.22502274774009462,5.613742350981346,0.6632728083589453,1.4529973556171487,1.4090125413702237,0.75,0.7781148687774428,282.11633425290586,0.0,0.0,0.2857474251818546,337532.5
110.86894554691943,2,2,23.50205051395173,0,1640.5986555739137,1160.9486912120615,0.3120032101043056,1.9921463526816152,0.74845389484344,0.8006917734809795,0.4826705623212174,1.0,0.9535527858092279,5.418191072113008,0.0,1.0,0.2609958093223506,13006.2
10880.910476058156,23,388,15.168754771773228,1,1856.951567571356,1263.0177893832783,0.3402328646301477,4.46722092867966,0.2822703967384228,0.1859277480776232,0.5956478007907211,1.15,0.4486937580082684,46.239358046458534,0.0,0.0,0.21676918455417982,1932883.9
238.08953167934132,1,4,14.361172186195805,0,605.8850616986714,3060.6814495250233,0.4057239687342781,4.724433892020647,0.4117000153864645,0.5569443505846848,0.8078344276495998,0.75,0.3638824414673772,23.27098122102449,1.0,0.0,0.37846214277708673,541.1
11830.684768160558,9,771,13.418316546420499,5,553.3487044615968,3030.9766965939166,0.1375302169979734,2.9525952621195595,0.24870459085099927,1.4791129116230137,0.42484975436500516,0.68,0.6546135095828742,128.48184608437046,1.0,0.0,0.5913153448006602,1552088.7
2305.271696431507,5,185,9.504761875078488,2,97.29077870236374,2360.3384937917554,0.4639453522832978,4.249924223634726,0.7176591319615073,1.2168793085573701,0.9109713740388281,1.15,0.5735857760159574,0.0,1.0,1.0,0.41969098043954683,313498.8
246.32344733309438,2,4,15.064756366915923,0,1684.3187539192334,1111.9118515257824,0.32755679550382166,3.662385375146255,0.7315671356481788,1.1063544449404121,0.8364838334477607,0.82,0.3250024006542533,12.037883977416021,0.0,0.0,0.466319664407725,22640.2
321.6422658581136,2,8,13.885319268633495,0,96.62963480801724,2826.8325790742697,0.4457727443470306,1.7601637621655883,0.4998228952228747,0.6624942890165781,1.7836411480631735,0.75,0.9451351487283375,0.0,0.0,0.0,0.40983449765638946,39789.1
518.0383009712583,2,10,19.068080761888567,0,109.02528338789222,2382.359921965863,0.12520746286889,4.599439410567692,0.21289308187263442,0.3102768023030682,1.129875120308844,0.68,0.9581054679310752,25.316651867562143,0.0,1.0,0.3336442429277516,36536.6
84.06373268964082,2,1,17.6404955169121,0,2280.660289107433,732.5673467156987,0.3064312206185637,5.440080724182171,0.26336285253958314,1.5299703288013478,0.2646123414267928,0.55,0.8952890077318669,4.108214105407463,0.0,1.0,0.49941215537525946,7257.8
9754.287078573447,10,392,24.0,3,540.908292095417,3094.6746438995647,0.5658263124875336,3.243190273595701,0.5871020340753926,0.24648757695085105,0.9089037184031055,0.68,0.4963637263723276,95.33885418182804,1.0,1.0,0.2277402045161801,3239465.4
9546.85136155658,4,643,11.485954167029554,2,570.3009688540949,2981.9341368692744,0.41062730046568324,5.771551270333791,0.8092238952474322,0.28171472644365964,1.5995275257262063,1.0,0.38569956197468663,233.27841966389587,1.0,0.0,0.20024240732377713,1474178.9
3867.2962184881176,12,185,10.870810796029431,5,3788.7036995453345,291.0993633507108,0.5775546504404702,2.939826567674303,0.7200957278884015,0.6872886052853919,1.5801665191921865,0.55,0.714746095541648,31.499277128299717,1.0,0.0,0.26111195341222737,567010.0
6554.063264650242,15,250,10.177656053759444,1,625.7842198522417,2706.1120825015432,0.5253970276600842,3.1986828783571353,0.6947117739425791,1.1654459251238956,1.7369786127870104,0.55,0.497059513796373,42.70647882676765,1.0,0.0,0.3683171219488185,925060.7
161.16867695728962,2,4,13.464481737264048,0,4174.314313726602,323.0502251935689,0.6158539335875667,4.169487569868173,0.4591413261968736,1.8866296085338865,1.6254809303078481,0.68,0.44120248762948905,0.0,0.0,1.0,0.05005300386590328,30035.8
16556.655940369295,8,407,24.0,3,1977.8467290531803,1317.249061830843,0.12431728136026071,1.728850721121719,0.8108315963308224,0.3359035096745163,0.4408945074986865,0.75,0.7489133415033233,0.0,1.0,0.0,0.5093330303231326,4721694.4
5303.648520189223,3,104,17.80005463196817,4,2302.77663484997,727.9954765508527,0.2715687852697485,5.309730049736032,0.7114831675340081,0.9938537747449023,0.15589095291356606,0.68,0.8252648676506089,172.79368849986668,0.0,0.0,0.21674522769657467,827798.5
6285.578892140859,2,349,8.70133696550744,2,100.35825885415764,2628.138958686905,0.43830500142862727,4.8063639856973355,0.4081047493697059,1.215015681263526,1.1668169372395951,1.15,0.6690978286316325,307.17769767231147,1.0,0.0,0.3804312121031156,470404.1
616.3159640996118,3,9,17.207708496360752,4,106.09410856416271,2475.877864151024,0.6657904844582657,5.162086431958897,0.6640644378983558,1.5957410135734036,1.309033205285917,0.68,0.5239958741719146,20.07966936585832,0.0,1.0,0.07884718210890143,96448.1
14538.919305305955,9,495,15.437444356196519,1,1873.7293144442676,1279.7728400519293,0.5142783044768726,3.8477928975204367,0.4681642100521254,1.3661359339978991,0.36650004750177556,1.15,0.6587646772310638,0.0,1.0,1.0,0.2873945943876676,3162445.7
4943.443171938534,24,309,12.260079043672484,1,3984.771989214229,290.76438550648834,0.3848214960434721,5.218739805897465,0.609482515509016,1.5693155169322375,0.4252782436770085,1.15,0.7198151813246658,0.0,1.0,0.0,0.08734092639432231,1263995.4
3907.577269578837,14,159,10.798399992846054,1,1207.261985958604,1460.0962009721752,0.19548197169445616,4.1998624363902755,0.8014333911975289,1.0786466922435458,1.7390763295913563,1.0,0.33632183463640536,0.0,0.0,0.0,0.05620063859031219,614450.6
454.3852902296918,2,10,10.841519785097542,0,1820.1595409402655,1209.4856211663066,0.4060649057593223,3.3578044989287976,0.3527999642656563,0.9264297820268224,1.7073248703296766,0.55,0.6106696095975086,22.20591447566447,0.0,0.0,0.4835419850964625,26416.7
509.6487820053538,2,14,18.489405637762736,0,4159.034626830555,302.49140289569823,0.3758304440245184,5.458954019923579,0.6929013584123473,1.2442127057136092,0.4090030553544687,0.68,0.7188314672375163,24.906654130719325,1.0,0.0,0.27263532643082017,74357.1
395.1824100351872,2,7,18.14035527100074,0,1684.5093442279303,1285.9198634833015,0.571497099319447,2.998598844107507,0.5660320791316549,1.7294977923078858,0.5575638670400178,0.68,0.39063948802787213,19.312655995295046,1.0,0.0,0.49810064345732324,40334.8
9519.480154695764,3,563,10.402139072825658,2,2078.2823827294706,795.2647081479303,0.3597422114879979,3.3028492774593694,0.7889819662110991,1.1274571189170732,1.6219875423361778,0.75,0.6141853842202931,310.14613473527766,1.0,0.0,0.23552527820514169,1018864.1
324.4251228219428,1,8,16.43460652426097,0,1721.1770643441462,1282.9438881946753,0.30492608340333316,1.6477186541337483,0.2833672521714443,1.2216201650097769,0.8677389955450576,0.68,0.5427099858603417,31.709461930421657,1.0,0.0,0.40627469809978634,9680.3
9576.15694122009,4,320,10.862755693185093,1,1623.691853776139,1167.2224387290182,0.17203741583191612,5.538295049294802,0.646219889284022,0.7613189835255243,1.4668198326711817,0.55,0.9075194078788127,0.0,1.0,0.0,0.10185725531990564,1267203.7
12564.598232867627,23,769,11.895658665082449,5,650.0332670603412,2711.374106629297,0.14697061707671275,1.9052640423115286,0.2230349536414435,1.2053288863457572,0.8033769507528467,0.68,0.6425702082383834,53.394332917068404,1.0,1.0,0.15476472608537906,1650927.7
430.0771998182085,2,7,13.890475763828583,0,4356.320632930123,297.3286426593969,0.3746979679629786,1.8070796209583333,0.3528631579808488,1.2597542912442947,1.365031810258357,0.68,0.5983929431993447,21.01797246180382,0.0,0.0,0.3092172256224087,45030.7
7673.563767940095,17,354,15.43123113362976,1,2283.4316189451674,799.7369250203236,0.3211799481112671,1.3059730211558538,0.39892980864099314,1.4758918359857849,0.8047625750381441,0.55,0.47071710030282066,44.11868709826539,0.0,1.0,0.2922853153114725,1308218.0
5564.303564789922,3,77,13.830676844221436,4,101.44661227618244,2588.7592627716517,0.44208801831745825,3.0667972557598446,0.4679985715050606,1.1641439154223232,1.6336455066255275,0.68,0.9702296491687925,0.0,1.0,0.0,0.15680674951061144,846638.7
530.9046747437558,2,11,10.330287548931143,0,1245.4345939586542,1486.3325153261992,0.5329184935267395,2.168072749390414,0.7984859858173734,0.5197865068240136,0.687194920413743,0.68,0.9728126671978508,0.0,0.0,0.0,0.5289284579234995,59119.5
268.5917908385583,1,5,12.91588745214964,0,1315.647011969673,1418.1101036088273,0.1432039518728057,4.5039050026572145,0.24191286907228568,1.1809128649199705,1.0131449177903127,1.0,0.5567284238323358,0.0,0.0,1.0,0.20634037550460876,33839.8
168.5056419011545,1,4,14.354098051392423,0,4103.534683612975,323.3066443055282,0.4078059236276329,2.337608101020267,0.30476937589901054,0.6923388236113264,1.0108972477498974,0.68,0.9503281526103764,0.0,0.0,1.0,0.28503915929587953,21793.0
495.24261493284405,2,9,21.16271527909948,0,1876.509211275563,1203.4045187798263,0.6199436986255482,4.403851308621972,0.325889280234976,0.3301981314717922,1.220637774718507,1.0,0.7330206849655141,24.202621406040727,1.0,1.0,0.2355448908434994,71839.6
4333.5011842117465,13,197,9.407664815741926,5,583.1434805253034,2740.3347480715624,0.3839966199613904,1.7798054138814483,0.46287795543565563,1.599744986110961,0.6560550735292378,0.75,0.8467329998588908,32.58141654262444,0.0,0.0,0.5975050644130916,539646.1
3516.1547008723264,2,79,15.30130187776425,4,1927.5439675488576,1111.0790016630606,0.42232048235144914,1.949829217000416,0.2376339188693506,0.2936440340592095,1.2103898369872221,1.0,0.36289254336330196,0.0,1.0,1.0,0.240656894866495,580773.3
4362.663643471969,2,408,10.363218134071664,2,4500.744029787629,322.10176925667724,0.40233926761567207,4.830870802207526,0.7985601188579425,1.2665295642449503,0.3827091022483108,0.75,0.3149169282504316,213.20438367196704,1.0,0.0,0.1955080981176351,714553.9
10933.157693799752,12,582,12.4356721088763,5,1296.5439421016365,1275.7283836926192,0.346079892720378,2.6554677596238196,0.5471080485304975,1.8802107343591004,1.624462313465016,1.15,0.6598543362726188,89.05099186300119,0.0,0.0,0.548734023613641,1792857.0
1368.6325953044375,2,21,13.527038900455402,4,1081.311197818051,1292.9306913375335,0.183869323875556,1.358869878023464,0.7042378798119944,0.33070497493357687,0.3878862544758664,0.68,0.35313572126992576,66.8853922286393,0.0,0.0,0.13655891513928392,110319.9
125.07614000233211,1,2,13.764061629706092,0,1727.3489201985942,1095.2780445402339,0.19328660509586543,5.60701902544204,0.6789490269496883,0.5586267715990112,1.5364866423842816,1.0,0.9241901080484327,12.22499991773075,1.0,0.0,0.5550086166240426,3020.9
707.138775922842,21,45,13.166937887728382,5,1668.2127664325747,1181.6962073236368,0.22387176020786215,1.686960782218057,0.6097115843333349,1.4885832457312493,1.2936943144832824,0.68,0.8741067167102683,3.2912415160419504,0.0,1.0,0.36268564862761243,102084.6
8272.22939425879,12,339,12.016915108600333,1,1783.4350312404565,1207.8277479344626,0.5796874917206398,1.550985593309787,0.7607338395512335,0.3466579064954025,0.7127606696538293,1.0,0.8003832944235061,0.0,0.0,0.0,0.1727476330066401,1443830.4
3813.8920131654404,2,90,8.946809905047951,4,99.90899285358597,2350.3348601317525,0.27969273432579367,2.5919103167580992,0.7594779015377757,1.6122870438440067,0.6902648425819923,0.55,0.3219775572513923,0.0,1.0,0.0,0.18859661084586776,447125.6
879.7077870097867,24,30,10.33869490353285,5,570.7084851395587,2909.0399767971307,0.6699117934297382,1.2781688461566176,0.27921853439218675,0.1804646104535719,1.7439743722356822,0.75,0.620834154398086,0.0,0.0,0.0,0.44102592843969196,115108.8
365.40587921580476,2,11,14.862038640279769,0,626.8135790454085,2838.380493348563,0.5898986965912447,1.5780818797558442,0.7591955454570247,1.7107094257492292,0.4717233726690856,0.75,0.3546636583501509,17.85747003092778,0.0,0.0,0.07165274409990482,40429.9
197.3096908012838,2,3,13.75266062330093,0,1144.7447321253528,1476.6206510876516,0.517033587555235,5.032222987674747,0.5248124419374031,0.2949358219865213,1.342881962964503,0.82,0.9500497124457741,9.642570332631784,1.0,0.0,0.443500560783924,13038.3
459.50365079280726,1,9,10.987700891938523,0,1284.9339300680062,1492.3878540889425,0.5378283050495293,1.6575342785483431,0.3662032223587769,1.76580533957816,0.45307579542301457,0.75,0.7288330009225553,0.0,0.0,0.0,0.22045128767270827,54616.0
14036.881670507333,5,542,10.537774933630784,1,3929.2338692391013,311.0980461831723,0.14762668103344367,1.3571340683126918,0.577270289450992,1.6670281208472237,1.6439059090238828,0.75,0.4095725911313566,0.0,1.0,0.0,0.49453847367201925,2335456.9
5664.459015775305,2,71,15.139579478647715,4,4088.4776476028383,298.40973211899745,0.4496658328521962,5.199787684406311,0.3741602319438919,1.1080485644686064,1.3741993580873566,1.0,0.6924264287576316,276.8234253173752,0.0,0.0,0.11872276151060124,1198322.6
13900.015699900803,6,571,12.78055525345537,5,102.4447551684861,2452.397269421834,0.6658130077546032,3.018982540562175,0.4969848748445064,1.5180716408438428,1.688962736047996,0.55,0.3829730298148507,226.43232991863337,0.0,0.0,0.18703281253822512,1856539.4
429.81485650613126,2,8,15.037051787347014,0,1225.280416911181,1497.192162844717,0.14268390636765518,1.5858147070621373,0.7061914661662587,0.3087881783619473,1.6005277258195383,0.68,0.4019737260387271,0.0,1.0,0.0,0.2914575637782526,52169.9
6324.856546123965,16,352,12.439313023384916,1,3845.5444540843205,290.50014840266505,0.28878958073785327,3.7075871525225974,0.21996274508608935,0.41245430534139615,1.0566731579942037,1.0,0.35666913843508724,38.637150716047124,0.0,1.0,0.5335647831136542,1119115.3
14277.351999201368,17,518,10.145729646108094,1,106.92517224381896,2525.2717813413738,0.1498766654376825,1.007529199379594,0.31351517477089014,0.8151742309105954,0.4011780303249991,0.68,0.9102105604625881,82.08676496261786,0.0,0.0,0.20625252675446698,1501824.0
202.93821669981273,1,3,13.334932096658626,0,611.7677920115731,3141.2866973684863,0.450450115162376,2.936912773147773,0.7930812585761737,1.1044287715060837,0.5154081981657347,1.15,0.6819763665171898,19.83527539635759,1.0,0.0,0.5140832911455175,8145.9
256.5638803220562,2,4,15.758624064637315,0,1288.7662916897204,1533.167231567416,0.18739636375890684,3.7515691318767175,0.4759609915261374,1.6733285268102172,0.48299949185663316,0.75,0.5295328156761561,12.538336311671186,1.0,0.0,0.10612934156529744,18406.5
139.70800955931955,2,2,18.507598974711357,0,2361.7596544202625,863.7009530215207,0.3979650906101515,5.585600151306543,0.38806103157478034,1.113410369719678,0.5140550804959558,0.55,0.3004744809398979,6.8275628162859965,0.0,0.0,0.145470619611184,15096.6
14757.453418724359,12,949,13.608797167639292,5,1211.0204856900075,1539.505722597103,0.537570673336776,2.4323238189237006,0.7724333156023648,1.3241529138837518,0.9360833393835825,0.55,0.6304174832635812,0.0,0.0,0.0,0.13687641549602475,2509240.1
207.64810122778417,2,5,14.884185832474065,0,4545.056424141609,322.13453063408866,0.21537435026257118,4.625255482682221,0.7649526247816676,1.3494012027903979,1.5818592328910297,1.0,0.6589413265866475,10.147810846973996,0.0,1.0,0.3871409209633741,34803.3
13878.263191611019,17,493,9.213204656493478,1,1283.6178717152295,1457.220104933623,0.5581113735053971,1.4634990695256467,0.22743032340065014,1.689417179448006,0.18813909836827064,1.0,0.5355963400636818,0.0,1.0,0.0,0.2637676175391848,1677570.9
3362.8616131976314,4,133,24.0,3,2401.5740956071795,767.0111039314356,0.15491858793094124,2.96791175017,0.42473637017165194,1.5160181594625701,0.5434926708803992,0.68,0.639027345330156,82.17191333198004,0.0,1.0,0.5249030365954055,1069949.4
8241.418451615511,3,448,10.482587049170519,1,1284.1196156542576,1526.8279736919656,0.20678219854905808,1.915673649402344,0.765949422858407,1.8604921133866439,1.134724918814442,0.68,0.37050596916116485,268.50668691648076,0.0,0.0,0.317213222137393,908983.1
9614.207327645372,3,225,17.985608065856287,6,4469.811234840966,322.59760989682525,0.2824640106456896,3.262339179381871,0.31145862100049504,0.21442173768360334,1.5777837440753146,1.15,0.9454431214288181,313.2323606706538,0.0,0.0,0.5108785084177154,1630718.5
785.3979316192151,3,18,11.594646218539435,6,596.3232576812294,2749.6331396010787,0.5817374590990105,2.886159294329392,0.5584923759043315,0.5374653236776202,0.6408426382595063,0.82,0.48083839859729527,0.0,0.0,1.0,0.1821840557115283,115907.3
482.01731522543605,1,14,14.565484792943108,0,3958.1060907174597,299.3497483945096,0.6130793956915725,5.698925249799567,0.3988823684754953,1.7803666649427654,0.7811698126582322,0.68,0.9639486813263953,0.0,0.0,1.0,0.5622188149048283,102183.1
3618.3931194321635,8,129,12.49778261198033,1,108.21417466150973,2376.4289435252863,0.2478202923324175,5.387489989603223,0.6566705691541055,1.5426187796089548,0.7661519260289339,0.75,0.6450151679584473,44.20792765365854,0.0,0.0,0.3991869537682346,457535.9
99.44505975225665,2,2,23.587765390198943,0,4386.941316614704,327.1985317960331,0.17555461880478776,3.711029498330187,0.2981227342609232,0.6398639231801129,0.6345945438343613,1.15,0.8997074711990338,4.859903124878172,0.0,0.0,0.3281044589996349,16262.2
338.29755532978095,2,7,23.70968607966323,0,95.63495728397041,2637.8395304151572,0.611813193761406,1.6825488895755996,0.5695529717988859,1.855704246807204,1.302958335389346,0.82,0.7040436394181019,16.532679957975894,1.0,0.0,0.3848603648304995,45284.3
404.25396761585466,2,10,20.410435245848646,0,1161.8389734613543,1328.6561528598863,0.49663311376282204,3.58478495710943,0.20000522797100867,1.6761953668437117,1.2320942920435882,0.75,0.8910910087109722,19.755985117361337,0.0,0.0,0.5544012715136124,36505.8
7702.5008311403,2,582,10.342617341715197,2,103.7215702371444,2492.0476430844155,0.21155615311123518,4.760411391618861,0.35658952841613645,0.29121042945832143,1.5414037665166491,0.68,0.30709682728875476,0.0,1.0,0.0,0.23840111272010112,933904.6
524.0354476652589,19,34,10.996482212573325,1,1792.0142310073218,1315.3575294311663,0.44347573538743645,0.9901355598865346,0.3005424311366367,1.575452933316656,1.6640026772791918,0.82,0.43053230155331157,0.0,0.0,0.0,0.18520615784550076,82427.8
335.90557594157195,1,8,22.3397446525255,0,1099.5558148431285,1432.3720017051755,0.6259754310736102,2.9701467432741167,0.33009504142885626,1.5293186949631554,1.635785066852098,0.68,0.5477334007752215,0.0,1.0,0.0,0.18498147952129917,55906.1
354.9513208515332,2,8,19.470610008893754,0,92.82895891491314,2558.7552245353304,0.16031866639002254,1.013234574147273,0.7334643012297895,0.5603832485408038,1.0412653824998803,0.75,0.5072936899904401,0.0,0.0,0.0,0.5850012636333779,52148.1
3173.0183869632438,7,124,12.92081188106544,5,4406.344894150342,299.9907277071323,0.16855831551600253,2.0197896877396193,0.7671738829894863,1.3311039990715399,0.4564008130004503,0.82,0.9627113080763219,44.30461262448451,1.0,1.0,0.23562273458556687,481955.7
255.5020308774089,2,5,10.082106190420259,0,2124.570592532006,735.768011580375,0.27869250118428945,1.2605732980046436,0.6681195752655276,1.848788580733882,0.5165673817392853,0.75,0.5762694451017998,12.486443483138046,0.0,0.0,0.5361385025590966,15299.2
107.68473685773273,3,3,19.895250346947073,0,1201.8358628164895,1281.0063728204052,0.4983121488472208,5.602891411125412,0.5658660485074316,1.3424943298919132,1.123918767460533,0.68,0.9804789482042173,0.0,0.0,1.0,0.1255992284329952,17433.6
13832.557195992167,21,670,15.479081064331902,1,105.33242956507051,2648.2080265162003,0.22324493549294716,1.6441432639017761,0.34313103983509363,1.579676125939398,1.665357005224053,0.82,0.7557104430719717,64.380978764827,1.0,1.0,0.2868406561536296,2129917.6
6285.003096905746,3,80,15.395632481112681,6,2310.517261230663,801.9206458304506,0.5934929785039553,1.5505194116812597,0.3703272546236851,0.3509448139887924,1.0252118686817613,0.75,0.8848857509321288,0.0,0.0,0.0,0.3905871508095004,939624.2
111.57748521025313,2,2,16.589813992874863,0,93.34030053774548,2526.7596594777897,0.5552495025410769,5.660274832354795,0.39213165932520044,1.4312291176827963,1.6939520988651862,0.75,0.5756987329288301,5.452817569723991,1.0,0.0,0.5799324110385288,9474.4
2369.7316902152133,12,90,24.0,3,91.9678772879807,2634.3792553059097,0.44538281510422867,3.3798364515153674,0.6817433855074908,0.5321781075775154,0.5827125295662436,0.55,0.4330534431345533,0.0,0.0,0.0,0.4225147037904511,804391.6
4596.873787943471,2,88,11.840190739649582,4,101.8230458593018,2377.7914937073297,0.18731926853479905,4.589925157022737,0.3567882708587539,0.3035891766201844,0.292472183295861,0.68,0.33532035416074996,224.6502877302568,0.0,0.0,0.05107763648569615,366441.9
480.1117663963265,2,12,11.645025762973226,0,4402.971614102242,326.6394702858928,0.6931675004210747,2.4365732558476756,0.8035014437295944,1.1295731700695337,1.4638791700386915,0.75,0.7594835740008813,0.0,0.0,0.0,0.4680786312762815,78290.3
7197.557675128906,13,208,24.0,3,92.98079843990821,2492.7300776477955,0.40421950514643845,3.464303529674277,0.6938073831792776,1.4710511136674942,1.6009829102003312,1.0,0.9802596848171352,0.0,0.0,0.0,0.40739318648565803,2443571.8
8188.811047673829,24,399,14.64974914223659,1,2143.6603264240007,731.4846065075199,0.38220242576302216,0.8342685603886156,0.8198249882576423,1.1204011685654638,0.8893340733677112,0.75,0.3827799604877,0.0,0.0,0.0,0.15183500629309749,1443929.0
5614.2334935622985,3,530,11.274372921492432,2,1933.3000785483505,1120.6810254177851,0.6974300662070431,2.8440923568870797,0.4846907093062666,1.7823466232394884,0.31903295916864166,1.15,0.840227952428962,0.0,0.0,1.0,0.39124838815951735,1066449.6
9076.32547182177,5,818,11.478164675436872,2,108.88446283120643,2389.6464355309085,0.6210435928133748,3.5754489322197696,0.5653834746977158,1.3765461143736388,0.21984003597234747,1.0,0.5552287522989597,177.42485200494642,1.0,1.0,0.5590987057328252,1244431.8
11555.795564051637,14,728,13.709781219906588,1,1783.4651139418866,1122.8650810463234,0.38469328573825917,3.3720508174956185,0.37384895795645356,0.38222869727225256,0.2532205607331214,0.75,0.9954240699123569,80.67634403515592,0.0,1.0,0.05248415353613847,1760586.0
324.6036257570765,2,6,15.91783597338042,0,549.5419120837,2851.717351799435,0.36290573184303776,2.829098436083779,0.574321643961849,1.7873712936950448,0.8745388583121867,0.68,0.9090253802199795,0.0,1.0,1.0,0.5859199140723793,41143.8
2810.087571612625,2,49,12.850729091426954,4,1141.8471494885707,1466.654250301946,0.17562744188885193,4.739538318722233,0.8038181769141752,0.4429673298222072,0.5374447350486655,0.68,0.46153692062265306,0.0,0.0,1.0,0.21291892667978707,399868.8
329.59699070633906,3,9,21.309640325572712,0,3975.6947330650482,286.3409008473024,0.6573768129056662,3.3082041332685392,0.21883573340434143,1.4841993629875165,0.9121733402361508,0.68,0.8360295649268628,0.0,1.0,0.0,0.38412782152694136,62093.7
402.58164529439307,2,7,15.76824834532319,0,568.6756464649269,2862.8374407261535,0.6093894116771348,3.980602618229698,0.3793590512934504,0.43549512840131455,0.9560076790744348,0.75,0.8139609041281755,19.674258337809675,0.0,1.0,0.20266573526749293,29430.2
136.43084126469978,2,2,18.951247207598858,0,599.2658046455101,3148.6792269751777,0.2998014458703483,1.7231056581701343,0.3744023852699817,1.8975580743750675,0.9058532059243716,0.82,0.8343895570942863,6.667406841967595,0.0,0.0,0.45198741996203057,11701.1
3909.5887854621083,5,277,9.023490163248852,2,2236.6192867442915,767.3314782921561,0.5569263467898908,5.107500482055619,0.8090693163280729,0.7513625139777171,1.1728719715345637,1.0,0.3579760655541778,0.0,0.0,1.0,0.33371002839112446,729850.5
10888.42734921973,4,279,24.0,3,2033.9042190191717,847.1551605223536,0.5623830672388761,2.614180909448157,0.2822426202028566,1.0329984339456195,1.2710162457047467,0.55,0.8665914987345726,0.0,1.0,0.0,0.19460852040764298,3371939.9
451.1845896314907,2,7,13.747358120720165,0,1940.1681623502006,1117.876049395768,0.25218821599143665,3.210518166632313,0.7036633124866218,0.9829605120137743,0.8033099030529028,0.75,0.48300279768907095,22.049495495397895,0.0,1.0,0.3268807176418449,33639.8
6394.740979678692,21,247,10.326888559758583,1,1843.1905763812015,1122.7972191017395,0.4759201725644362,2.5609738991232325,0.37022338472809946,0.355263192386147,0.7061023250773264,0.75,0.7132958679038355,29.763092780744003,0.0,1.0,0.24339975279312343,816243.8
498.27419945829104,2,13,16.13230514890461,0,4281.691453425125,297.369172408576,0.26791670597908257,5.259535880035771,0.7335738475244362,1.0297057999906918,0.7578621193208533,0.75,0.3807820733583728,24.35077564462489,1.0,1.0,0.18731468239090365,67899.4
4560.4426178384565,3,438,9.671874032055548,2,4609.314358642799,284.0461350279832,0.5781339101228287,5.303700734811164,0.5024055588309926,0.4371503101969821,0.26579952460513906,0.68,0.6906872906826613,0.0,0.0,1.0,0.3760379370975923,959130.4
190.57216221014426,2,5,14.14647471782598,0,1230.7545545983503,1512.847860662393,0.20920962744009014,1.9214217230512152,0.35020187279447385,1.5594070066541847,0.6806907422761952,0.75,0.9344925030508777,9.31330574839192,0.0,0.0,0.4010357278398978,10203.6
14820.354786099628,3,368,24.0,3,108.57918298602371,2366.3911913842085,0.5079654792386208,4.563572778811668,0.6400344696662004,1.8282991054644147,0.4798558661912823,0.75,0.4240226408835433,0.0,1.0,1.0,0.12726811488309775,5051124.9
6065.653724209972,24,309,9.509917082816399,1,4020.455856782225,305.8363539686304,0.30908679275802153,1.3144177285409961,0.7217800733109077,1.5698605191486097,0.6298862839049676,0.75,0.8985294581640431,24.702491977442538,0.0,0.0,0.5610371901256681,876059.5
14016.539529478965,21,811,9.912225916639036,5,3981.7087718910584,306.2537637689712,0.14098559337045571,0.9492517665389915,0.49148630971148566,0.9214300720980915,1.3287552161675038,0.75,0.6048117934186126,0.0,0.0,0.0,0.05365859914800027,2033542.3
235.90097777735627,3,6,10.885547724581514,0,1805.9467272568033,1095.8462226046674,0.191748693642318,4.9829205675010595,0.6426733509429009,0.1840788027615522,1.7810884172155532,1.15,0.5256315997071591,7.685690315960109,0.0,0.0,0.20231421690611018,22097.1
133.22057689905046,3,2,13.544816287179673,0,100.17217895273333,2720.9333917328636,0.4998415001464845,1.455890727599725,0.312581164833856,0.243026752334162,1.6738623955653242,0.68,0.33996858281174397,0.0,1.0,0.0,0.2388409466287254,15512.0
336.541996157527,2,6,13.264625761902629,0,1134.3560758761353,1391.291312463415,0.25915029586874977,1.5739135893049587,0.7813195520824592,1.0314604492936676,1.5056817689702595,1.0,0.6699572376828375,0.0,0.0,1.0,0.08654199254882464,41190.2
13020.283613038206,12,572,12.707008764988725,5,2287.8484890359773,835.6917397591694,0.4860005160991095,3.8329412964700156,0.25979869395629407,1.3487181583053311,1.3663751600998373,1.0,0.4399567471910263,0.0,0.0,0.0,0.09950162074327837,2524525.2
6252.879172867491,11,308,12.8043910000811,5,1087.1121166168064,1491.53899606182,0.36059685628074645,4.883842582719867,0.3376094395622422,1.5895641920707724,1.709147121181748,0.75,0.9580702445680922,55.559937238273136,1.0,0.0,0.5160909858425373,865391.3
104.91340565305433,2,2,19.478529408348145,0,103.81260945098907,2507.907663035161,0.521773809048223,1.7480046002052112,0.37878305496768366,1.2111941987143757,1.3908690455755965,0.75,0.46669959822133544,5.127142456800825,0.0,1.0,0.2490103162905985,9641.5
8189.551533845657,5,638,10.878316898997435,2,2181.1582698942525,797.517741269678,0.4059102008675784,1.370961173561498,0.29470686016811426,1.8626985771388265,0.9270752062661498,1.0,0.7107499229468313,160.09011283150912,0.0,1.0,0.2508876510109313,1109513.7
4626.989946429376,1,63,10.94701369885528,4,2283.163304771835,761.7217247628819,0.29895731635347916,1.1866117275042654,0.4521418059489107,1.029298215543669,1.1422471774330525,0.75,0.690975934619888,0.0,0.0,0.0,0.4287333619892556,609428.0
6055.158843313958,4,753,8.908830711328019,2,2189.9154774822687,752.2421541635737,0.20457512431740904,0.924232057927266,0.4837963372968239,1.2120495359265244,0.6545452022991268,0.82,0.5357755304517225,147.95850823342394,0.0,0.0,0.4483556483966081,784588.6
6333.531787294533,15,232,15.509452342019653,1,1314.5601078923269,1260.166532251944,0.31783698640434255,1.3823957492903598,0.521525339678367,0.5757759958530281,0.15545875734850514,1.0,0.8964450561719675,41.269488903413595,0.0,0.0,0.4391349941325669,912686.7
331.64003817274727,2,5,11.379655919781193,0,1740.4865823971224,1311.271562899161,0.4882385651975168,5.5134595478433335,0.22529571948447882,0.7642160283450821,0.7334612756472447,1.15,0.4282708806528823,0.0,1.0,1.0,0.30790654591809713,50688.8
181.3977173757592,2,3,21.99840639662809,0,109.65145874004779,2569.2828040514173,0.5494746330145125,1.2764125629223093,0.33584576338597516,1.3549865911451866,0.8179692551432665,0.68,0.871941245654388,8.864948502383644,0.0,1.0,0.43867561926901366,16933.3
6460.564782082016,20,252,10.70546998541908,5,1095.593746194954,1263.6595364564848,0.21299701140719451,3.7877948703756035,0.7008132157514528,1.214823093899572,1.3596020600206662,1.15,0.4452353179544243,0.0,1.0,0.0,0.5581712269599785,895816.8
7241.586427774043,17,272,9.528689602181208,5,1244.1025859418135,1262.5028017190537,0.5052779971551079,5.404831944580149,0.7025748858332659,0.8157960735778653,1.5677138316378476,1.15,0.3273690357492709,41.63505971460411,0.0,0.0,0.12415360460636324,1165218.4
8413.74720082246,2,1007,10.30028167634166,2,594.5063048141894,2777.2444897596934,0.22398211559787712,3.93910070388086,0.404604186087695,0.37260895955483964,1.7383802844845362,0.68,0.9606960322467504,411.18177630019625,0.0,0.0,0.3661588334123098,680429.8
447.56006599912314,1,9,22.00869804100441,0,4470.595605444948,270.8362607226071,0.24865521922419037,0.9637287726167381,0.48592810409108766,0.7692981695307723,0.7304563930378195,0.82,0.7461088856398291,43.74472837038969,1.0,1.0,0.533303533597974,35175.4
297.5689964042881,1,9,15.832904523792507,0,1269.5078567320795,1364.8640929443936,0.4281639993624087,3.782069036079812,0.31374081519236086,0.25594761465538596,1.7297049450024344,0.55,0.7413352387053411,29.08453168201238,0.0,1.0,0.5811370551583144,1362.3
4889.206284518759,7,143,24.0,3,636.0252219451124,2646.50433083459,0.2877373351461233,5.31532653420288,0.7097267320615577,1.1789196286815364,1.4689861685443937,0.68,0.48553169309587363,0.0,0.0,0.0,0.09837143503952976,1627894.0
14179.102157034315,19,500,12.093354914852481,5,1654.1058957489072,1089.4203818760743,0.5037253559171622,2.412795175400633,0.7931439074201723,0.7355866191754152,0.20089322326393802,0.75,0.39741919803347225,72.94063259135318,1.0,0.0,0.5724036670301115,2037822.5
2485.5502508420864,20,92,13.475068308658201,5,1916.0516519500663,1240.651534577892,0.6743504420600922,2.368139647854222,0.3806387733590335,0.8333394346747296,1.1321803976107236,0.82,0.7942424929287406,12.146941699469457,0.0,1.0,0.44954993455110603,386815.2
10314.85386182936,2,129,14.791716995379929,4,94.28080314887522,2811.5574705103004,0.20635747677568864,2.0443179435040353,0.684801514836306,1.1691517402245137,0.7533089696289047,0.75,0.6631173928320759,0.0,1.0,0.0,0.4485542186018281,1716526.1
